<?xml version="1.0" encoding="utf-8"?>
<hibernate-configuration  xmlns="urn:nhibernate-configuration-2.2" >
  <session-factory name="NH_SQLite">
    <property name="connection.driver_class">NHibernate.Driver.SQLite20Driver</property>
    <property name="connection.connection_string"> Data Source=|DataDirectory|\nhcrm.db</property>
    <property name="adonet.batch_size">10</property>
    <property name="show_sql">true</property>
    <property name="dialect">NHibernate.Dialect.SQLiteDialect</property>
    <property name="command_timeout">60</property>
    <property name="query.substitutions">true 1, false 0, yes 'Y', no 'N'</property>
    <mapping assembly="Tibos.Domain"/>
  </session-factory>
</hibernate-configuration>