<?xml version="1.0" encoding="utf-8"?>
<hibernate-configuration  xmlns="urn:nhibernate-configuration-2.2" >
	<session-factory name="NH_SqlServer">
		<property name="connection.driver_class">NHibernate.Driver.SqlClientDriver</property>
		<property name="connection.connection_string">
      server=.;uid=sa;pwd=123456;database=nhdemo
    </property>
		<property name="adonet.batch_size">10</property>
		<property name="show_sql">true</property>
		<property name="dialect">NHibernate.Dialect.MsSql2008Dialect</property>
		<property name="command_timeout">60</property>
    <property name="hbm2ddl.auto">update</property>
		<property name="query.substitutions">true 1, false 0, yes 'Y', no 'N'</property>
    <mapping assembly="Tibos.Domain"/>
	</session-factory>
</hibernate-configuration>